id,shipment_id,product,quantity,origin,destination,on_time,driver_identifier
1,192cc6dc-4799-4247-a228-6d198675c00b,eggs,2,bb53f18b-e3c5-48c1-900e-e8ed623ca467,1add84b7-14f5-4857-903b-578408246946,0,ab78787d-6f8d-48ec-8cef-a7a50ae9c7db
2,192cc6dc-4799-4247-a228-6d198675c00b,textbooks,4,bb53f18b-e3c5-48c1-900e-e8ed623ca467,1add84b7-14f5-4857-903b-578408246946,0,ab78787d-6f8d-48ec-8cef-a7a50ae9c7db
3,192cc6dc-4799-4247-a228-6d198675c00b,trampolines,2,bb53f18b-e3c5-48c1-900e-e8ed623ca467,1add84b7-14f5-4857-903b-578408246946,0,ab78787d-6f8d-48ec-8cef-a7a50ae9c7db
4,22768e96-0dad-40d2-8204-3921263c3826,balloons,2,5d64f731-cb01-4992-a27c-a6e1342f4913,d57d76d8-7dca-4ee4-84c0-1745fb4c8779,0,9136e027-dc50-48b0-b2cf-d01f0c412815
5,22768e96-0dad-40d2-8204-3921263c3826,hydroponic equipment,1,5d64f731-cb01-4992-a27c-a6e1342f4913,d57d76d8-7dca-4ee4-84c0-1745fb4c8779,0,9136e027-dc50-48b0-b2cf-d01f0c412815
6,22768e96-0dad-40d2-8204-3921263c3826,lamps,3,5d64f731-cb01-4992-a27c-a6e1342f4913,d57d76d8-7dca-4ee4-84c0-1745fb4c8779,0,9136e027-dc50-48b0-b2cf-d01f0c412815
7,2b0bddcd-d73c-4ba6-b26e-aaa785d50be7,pants,1,026ffd7c-cff2-4daa-ae76-6768d3283861,d33a7b5d-15e5-4ba6-93ef-136bbcbf4946,0,6e905a32-46a8-4555-8434-a6b16580e873
8,2b0bddcd-d73c-4ba6-b26e-aaa785d50be7,pencils,4,026ffd7c-cff2-4daa-ae76-6768d3283861,d33a7b5d-15e5-4ba6-93ef-136bbcbf4946,0,6e905a32-46a8-4555-8434-a6b16580e873
9,2fcf115d-068f-4a65-b443-2c5c6fe33fe0,carnivorous plants,1,c42221be-4851-42df-9184-1b4f96962bb7,134fb73e-fc99-41e4-92c4-6ecbada5574f,0,474067dd-c2fd-4bf0-979e-4ecc67cdeafd
10,2fcf115d-068f-4a65-b443-2c5c6fe33fe0,textbooks,4,c42221be-4851-42df-9184-1b4f96962bb7,134fb73e-fc99-41e4-92c4-6ecbada5574f,0,474067dd-c2fd-4bf0-979e-4ecc67cdeafd
11,2fcf115d-068f-4a65-b443-2c5c6fe33fe0,yarn,3,c42221be-4851-42df-9184-1b4f96962bb7,134fb73e-fc99-41e4-92c4-6ecbada5574f,0,474067dd-c2fd-4bf0-979e-4ecc67cdeafd
12,3433af6d-4857-4dfa-88d6-5dcd2a2fce6b,carnivorous plants,1,57001f3e-d6be-4031-9295-a6b208c0ad46,49714439-c858-4e61-b7c6-f4d4c848c46b,0,0966463d-fbac-41cb-b780-0211b98c9beb
13,36117159-bb83-4b02-b1d0-07f68fe03be6,baby food,3,950db98c-fb0f-4b78-bbee-bf9ae97faeca,5b9e2a68-7967-46e0-8e35-bc993a1f07e6,0,b18c8c6e-0aa2-42ce-96d4-0e95f3f04ae5
14,36117159-bb83-4b02-b1d0-07f68fe03be6,pants,5,950db98c-fb0f-4b78-bbee-bf9ae97faeca,5b9e2a68-7967-46e0-8e35-bc993a1f07e6,0,b18c8c6e-0aa2-42ce-96d4-0e95f3f04ae5
15,3fc6b63d-27b4-408c-b3b3-e8e94a45b079,journals,1,cd140190-a53b-4660-a5b4-cc844a6506f0,89ba200c-ca90-443a-b64f-397bce091eae,0,5ae3e541-2098-45b6-8d94-35d176185606
16,3fc6b63d-27b4-408c-b3b3-e8e94a45b079,keyboards,4,cd140190-a53b-4660-a5b4-cc844a6506f0,89ba200c-ca90-443a-b64f-397bce091eae,0,5ae3e541-2098-45b6-8d94-35d176185606
17,3fc6b63d-27b4-408c-b3b3-e8e94a45b079,lotion,4,cd140190-a53b-4660-a5b4-cc844a6506f0,89ba200c-ca90-443a-b64f-397bce091eae,0,5ae3e541-2098-45b6-8d94-35d176185606
18,449263b4-6c93-4f19-8b6a-0d99a29fc637,keyboards,2,bb75bf7d-c008-4267-bf92-6089cff5fe56,5e9405de-a078-4b00-99c6-96564568b63c,0,c12025e6-6f9c-4728-8c3c-9f840bde6f1a
19,449263b4-6c93-4f19-8b6a-0d99a29fc637,pants,3,bb75bf7d-c008-4267-bf92-6089cff5fe56,5e9405de-a078-4b00-99c6-96564568b63c,0,c12025e6-6f9c-4728-8c3c-9f840bde6f1a
20,491ee4e8-be80-4f52-802b-d8fe1a6bd487,keys,3,c6addf8b-eea6-43b8-9040-b5620b1a0d99,7aebe820-8478-4a29-a606-7c59af677e24,0,1f228b52-7165-4d7f-a731-3f7707aefb2a
21,491ee4e8-be80-4f52-802b-d8fe1a6bd487,lotion,3,c6addf8b-eea6-43b8-9040-b5620b1a0d99,7aebe820-8478-4a29-a606-7c59af677e24,0,1f228b52-7165-4d7f-a731-3f7707aefb2a
22,4fc4c56e-9e44-432a-9d1c-4219271a7844,apples,3,f156fb67-e7e7-448c-b9c3-0b5f0425d134,2ba952cd-d5bf-4bb4-96fe-02fd4e166d12,0,a781da7a-1f22-4d1d-8975-37165a13e6ca
23,4fc4c56e-9e44-432a-9d1c-4219271a7844,snakes,2,f156fb67-e7e7-448c-b9c3-0b5f0425d134,2ba952cd-d5bf-4bb4-96fe-02fd4e166d12,0,a781da7a-1f22-4d1d-8975-37165a13e6ca
24,6060c04b-921b-4bf9-b2d3-40e57257e5c6,earplugs,2,f04f3daf-8ede-4787-a3ad-6ff06274229d,130208de-fef4-46cd-8b9b-1ea5b939895b,0,d194a942-695a-4e09-9701-490ea8d627f6
25,76e5b84a-9d09-4efb-8b43-a0c932b958bb,baby food,1,372fd2b1-b2a7-4553-b6d7-426a1bc88e56,e34973c8-9ca9-4a06-b497-7a8b49625fc2,0,85b8d394-a67c-48b6-b1de-55be323ba622
26,a39dad1a-4b34-4f50-879e-08bec70d2b36,eggs,3,20efa3c2-c498-4908-8af4-f81c76781912,0167b0c3-60fd-4fbd-b378-fba0ceac39ff,0,45a23a59-09cb-4906-8293-6014b72de249
27,a39dad1a-4b34-4f50-879e-08bec70d2b36,toys,3,20efa3c2-c498-4908-8af4-f81c76781912,0167b0c3-60fd-4fbd-b378-fba0ceac39ff,0,45a23a59-09cb-4906-8293-6014b72de249
28,b541a47d-89b1-4805-97d0-1988832321f1,paint,3,469d957f-28ef-4eac-956a-d2a42b06d3ab,fcadc756-61e9-41bb-871b-d3546c5aa981,0,47bdfc40-f3db-4678-b6a7-43f1e1c2fd32
29,b541a47d-89b1-4805-97d0-1988832321f1,water bottles,2,469d957f-28ef-4eac-956a-d2a42b06d3ab,fcadc756-61e9-41bb-871b-d3546c5aa981,0,47bdfc40-f3db-4678-b6a7-43f1e1c2fd32
30,c2237ca1-b7e3-40ab-b798-e1ea469301dc,alternators,1,b377e5d5-563f-475d-8c6d-b9f85ad861fd,fa60bc82-665e-4fe0-8f1f-b8a7675c2e2a,0,eabecfd5-5ec5-4639-b32d-e204b34af195
31,c2237ca1-b7e3-40ab-b798-e1ea469301dc,keyboards,4,b377e5d5-563f-475d-8c6d-b9f85ad861fd,fa60bc82-665e-4fe0-8f1f-b8a7675c2e2a,0,eabecfd5-5ec5-4639-b32d-e204b34af195
32,c2237ca1-b7e3-40ab-b798-e1ea469301dc,socks,4,b377e5d5-563f-475d-8c6d-b9f85ad861fd,fa60bc82-665e-4fe0-8f1f-b8a7675c2e2a,0,eabecfd5-5ec5-4639-b32d-e204b34af195
33,c9cf4b47-8a85-488d-b33f-d1f921552ea0,yarn,2,c44107fb-70a4-4ff2-bedb-48b9ecfd3d6d,479bfe4c-7137-44dd-bb42-a4ab7900aa24,0,f851975d-1482-459b-b114-5f73e87a9627
34,cfa8a834-54bd-4f47-99ca-8912df32913b,animal masks,1,5158fc84-71e0-47a1-84e9-b3e446a391ae,76f02f30-28cd-4f15-88be-9c64860d1fce,0,aa4c2cd3-0f2c-4982-abd3-be7b06facc87
35,cfa8a834-54bd-4f47-99ca-8912df32913b,furniture,3,5158fc84-71e0-47a1-84e9-b3e446a391ae,76f02f30-28cd-4f15-88be-9c64860d1fce,0,aa4c2cd3-0f2c-4982-abd3-be7b06facc87
36,d2306016-fe82-41f8-a8e1-b06812007036,baby food,2,48c4ca28-4db8-420e-af57-241818a81194,dc042557-cbee-4743-9b72-2c0a34a99cc2,0,469c402e-d073-49a4-9598-c44a32724643
37,d2306016-fe82-41f8-a8e1-b06812007036,lamps,2,48c4ca28-4db8-420e-af57-241818a81194,dc042557-cbee-4743-9b72-2c0a34a99cc2,0,469c402e-d073-49a4-9598-c44a32724643
38,d2306016-fe82-41f8-a8e1-b06812007036,socks,1,48c4ca28-4db8-420e-af57-241818a81194,dc042557-cbee-4743-9b72-2c0a34a99cc2,0,469c402e-d073-49a4-9598-c44a32724643
39,e31e22c1-5395-43d8-8a0a-79396d627f66,capes,1,ee67c3b0-aa89-4b3b-8bbc-9d70695c132b,fa0ce0bb-b0d8-469d-8d42-e1153fc48272,0,4159e22a-d107-42e6-ba56-f9b65ad8df08
40,e31e22c1-5395-43d8-8a0a-79396d627f66,pants,2,ee67c3b0-aa89-4b3b-8bbc-9d70695c132b,fa0ce0bb-b0d8-469d-8d42-e1153fc48272,0,4159e22a-d107-42e6-ba56-f9b65ad8df08
41,e31e22c1-5395-43d8-8a0a-79396d627f66,water bottles,4,ee67c3b0-aa89-4b3b-8bbc-9d70695c132b,fa0ce0bb-b0d8-469d-8d42-e1153fc48272,0,4159e22a-d107-42e6-ba56-f9b65ad8df08
42,f20bbd93-1312-4f70-b257-654056412ec5,apples,1,abc09fec-2fa0-48f6-b7c4-913620785520,52479603-9957-4e4b-91eb-337c358d1755,0,85f31f19-81ff-4b03-b862-f2ba16605434
43,f20bbd93-1312-4f70-b257-654056412ec5,candy,4,abc09fec-2fa0-48f6-b7c4-913620785520,52479603-9957-4e4b-91eb-337c358d1755,0,85f31f19-81ff-4b03-b862-f2ba16605434
44,f20bbd93-1312-4f70-b257-654056412ec5,incense,3,abc09fec-2fa0-48f6-b7c4-913620785520,52479603-9957-4e4b-91eb-337c358d1755,0,85f31f19-81ff-4b03-b862-f2ba16605434
